{
    "folder_name": "super_simple_b",
    "name": "Super Simple B",
    "theme_version": "1.0",
    "cms_version": "1.0",
    "author": "Nitza Alfinas",
    "email": "",
    "url": "",
    "description": "",
    "license": "",
    "css_files": [],
    "js_files": [],
    "supplements": [
        { "copy_type": "folder", "name": "stylesheets", "copy_to": "public" },
        { "copy_type": "file", "name": "application.js", "copy_to": "public/javascripts" },
        { "copy_type": "file", "name": "bootstrap.min.js", "copy_to": "public/javascripts" },
        { "copy_type": "file", "name": "jquery.min.js", "copy_to": "public/javascripts" }
    ]
}
